"GENO","GRAINYLD_LSMean","GRAINYLD_StdErrMean"
"G1",63.1666666666665,4.70115192145846
"G2",66.1666666666665,4.70115192145846
"G3",31.8333333333333,4.70115192145846
"G4",47.111111111111,4.70115192145846
"G5",44.7222222222221,4.70115192145846
"G6",34.2777777777777,4.70115192145846
"G7",35.8888888888888,4.70115192145846
