"GENO","GRAINYLD_Mean"
"G1",61.2004418876185
"G2",63.8534610442572
"G3",33.4911306960601
"G4",47.0018764011641
"G5",44.8892870727298
"G6",35.6528500088768
"G7",37.0776195559606
